vg_image_id,topname_predicted
2405831,train
2388322,tire
2403564,faucet
2414955,truck bed
2374543,bench
2411672,plane
2396992,hotdog
2400389,windshield
2395805,umpire
2409831,train
2398895,toothbrush
2410206,people
2398522,benches
2386937,propeller
2409814,windshield
2413917,athlete
2396407,motorcycle
2396389,pizza
2409010,flamingo
2410371,pizza
2402192,beach
2412277,bench
2414580,bed
2394086,giraffe
2406995,toothbrush
2404923,horse
2393003,entertainment center
2395771,pizza
2408769,flower
2410937,tennis player
2403828,banana
2411640,cat
2390460,wok
2409662,booth
2407837,cereal
2414107,motorcycle
2391386,boat
2394212,skateboarder
2403718,skateboard
2411744,cake
2383991,bed
2413692,train
2387441,bed
2386945,bird
2409215,bird
2410586,train
2384941,ambulance
2401669,pizza
2414209,carpet
2403786,skateboarder
2408474,phone
2388632,entertainment center
2412290,tennis player
2404175,cake
2406392,bridge
2410982,motorcycle
2413150,hotdog
2409519,pottery
2414105,umpire
2391726,shirt
2388550,pizza
2414071,sheep
2391107,boat
2404646,tennis player
2404759,boat
2402160,truck
2413531,frisbee
2414505,cake
2365834,restaurant
2413618,cow
2388048,dog
2386035,trolley
2397470,highchair
2397336,suit
2404987,toothbrush
2408893,train
2413895,bunk bed
2405276,picture
2398442,train
2408655,living room
2398903,giraffe
2396831,truck
2404512,tennis player
2409291,trolley
2410554,food
2403413,tie
2401630,giraffe
2381820,pizza
2412959,burger
2409090,umpire
2387646,cabinets
2390862,frisbee
2393768,pizza
2383590,tennis player
2383150,entertainment center
2403739,giraffe
2397718,eagle
2395984,dessert
2407659,stroller
2387513,plane
2372914,living room
2392995,desk
2387596,hotdog
2383531,baseball player
2375674,giraffe
2414684,suv
2410144,salmon
2364408,tennis player
2415264,desk
2408687,fruit stand
2405765,bed
2412641,pizza
2382219,kayak
2377083,raft
2396832,trolley
2413512,plane
2405452,laptop
2389479,bike
2409463,cookie jar
2408104,ambulance
2410831,quesadilla
2386722,wine
2396430,bench
2408562,umpire
2393006,suitcase
2408296,plane
2408942,zebra
2391235,boat
2398910,laptop
2395722,bird
2388274,refrigerator
2406045,vegetable
2409629,plane
2385896,vase
2410459,statue
2389525,bunk bed
2389102,kite
2407047,computer
2394798,tub
2401989,cake
2378451,windshield
2377243,zebra
2406381,book
2412530,toaster
2407997,trolley
2411208,fruit
2409626,turban
2409494,train
2391550,horse
2403503,bench
2403310,giraffe
2402517,pizza
2409189,woman
2388567,train
2411554,umpire
2412385,bunk bed
2391778,glider
2395645,cake
2404545,desk
2399606,entertainment center
2366247,cake
2396616,toilet
2400263,skateboarder
2409425,desk
2408334,bridge
2412531,entertainment center
2404284,tie
2402511,laptop
2384241,bird
2365049,umpire
2377216,dock
2396341,picture
2375947,fork
2410442,sailboat
2412704,bidet
2408225,train
2406307,sandwich
2403229,boat
2405320,hamburger
2411972,burger
2387697,platform
2408406,boat
2396282,tracks
2403409,ramp
2381231,desk
2395981,ramp
2395583,zebra
2410301,pizza
2389489,desk
2390298,steak
2405086,pizza
2394779,toilet
2411485,tennis player
2407411,pizza
2376404,chair
2369230,cow
2414772,tie
2411116,coffee
2406197,pottery
2387979,zebra
2401534,boy
2364431,furniture
2386243,plane
2386162,furniture
2403596,horse
2410404,motorcycles
2413961,soda
2386879,horse
2393286,traffic light
2414000,train
2408610,helmet
2400907,train
2407500,pole
2412168,bunk bed
2388896,laptop
2401211,boat
2413606,child
2407756,sandwich
2413180,umpire
2407255,giraffe
2404645,pizza
2409715,van
2399448,hoodie
2413845,pillow
2378220,plane
2377913,pizza
2399745,highchair
2412726,raft
2412564,dog
2397581,suitcase
2377301,bike
2397680,pizza
2409515,tomato
2387776,umpire
2407564,vegetables
2403832,cutting board
2406192,horse
2376406,pillow
2409536,tablecloth
2403198,bench
2402376,sheep
2414750,plane
2386481,skateboarder
2404410,giraffe
2410318,hat
2410417,batter
2397835,windshield
2398303,vase
2404799,horse
2393305,umpire
2410585,horse
2408058,wine
2397668,pizza
2394080,doorway
2409786,tennis player
2382648,benches
2401335,living room
2403337,suitcase
2382589,zebra
2410190,sheep
2381903,cow
2391891,tie
2391797,horse
2386069,hotdogs
2413715,highchair
2398608,laptop
2402373,sandwich
2412111,horse
2391625,propeller
2373770,skateboarder
2382916,vase
2407473,bench
2405266,bidet
2399931,giraffe
2411522,lap
2409590,toilet
2378460,fruit stand
2402039,horse
2403932,vegetables
2413047,cupcakes
2394305,train
2387340,vase
2415290,giraffe
2384967,glider
2409922,entertainment center
2392368,giraffe
2404069,desk
2404946,train
2390413,giraffe
2374063,futon
2382227,juicer
2411117,collar
2381438,plane
2411854,giraffe
2414899,bagel
2385628,couple
2404231,sandwich
2410069,court
2375344,child
2413007,desk
2411200,tennis player
2401050,suitcase
2409124,hotdog
2407237,giraffe
2394725,giraffe
2372253,horse
2406201,people
2410984,plane
2396954,bidet
2396189,skateboarder
2405722,parrot
2383534,tablecloth
2411661,moped
2378168,giraffe
2415206,bunk bed
2389629,bike
2410891,duck
2412981,plane
2405721,chair
2404241,sandwich
2402484,horse
2398118,banana
2385952,umpire
2404917,picture
2414327,bench
2391216,horse
2377340,juicer
2364789,cake
2407448,phone booth
2406803,plane
2378725,train
2407804,bird
2412845,kite
2409679,train
2400678,kite
2392353,sheep
2414283,food
2395316,desk
2388670,horse
2413354,giraffe
2394564,train
2395956,vase
2384926,tie
2375127,horse
2413650,sandwich
2408299,parrot
2387922,chair
2410823,horse
2395368,bacon
2407316,bird
2411933,desk
2401294,carriage
2405174,motorcycle
2388066,frisbee
2413564,boat
2388202,bed
2398400,blanket
2402303,book
2403429,horse
2413565,ship
2404720,tennis player
2378563,trolley
2409063,zebra
2413908,sandwich
2410753,desk
2405144,giraffe
2409897,highchair
2409879,cart
2365266,bed
2390628,shed
2401642,tennis player
2402800,train
2381359,bear
2408789,cat
2395382,cow
2392076,sandwich
2392572,bed
2401283,truck bed
2392775,cabinets
2396805,baseball player
2415193,bed
2395355,hotdog
2415294,skateboarder
2388980,living room
2399307,highchair
2365501,cake
2387268,sandwich
2376140,windshield
2411636,tablecloth
2413706,raft
2410183,frisbee
2409363,soccer player
2406573,laptop
2411368,bowtie
2402277,benches
2385529,oven
2395716,pizza
2384649,horse
2408881,giraffe
2372671,cabinets
2387144,ambulance
2403336,donut
2383687,bed
2413764,suitcase
2394049,bar
2389499,pizza
2408964,turban
2393960,sheep
2413864,suitcase
2374740,teddy bear
2411743,dog
2407532,rug
2404431,pizza
2413810,firetruck
2376322,bench
2391525,desk
2407607,bowtie
2403106,sheep
2407638,living room
2405612,ski lift
2407150,coffee
2372506,horse
2413508,sandwich
2412148,refrigerator
2376394,horse
2406927,baseball player
2413016,device
2385966,truck
2391882,backpack
2407377,motorcycle
2407428,horse
2374914,moped
2382353,giraffe
2382565,puppy
2389769,eye mask
2401650,giraffe
2376999,sandwich
2411448,pizza
2410030,glider
2364806,train
2389064,couch
2394785,giraffe
2388867,kayak
2398142,pizza
2394674,frisbee
2414342,cake
2397733,train
2399145,train
2403393,zebra
2406135,zebra
2386944,plane
2386308,spatula
2406423,hat
2399811,horse
2392892,chair
2399414,pizza
2410821,surfboard
2400019,umpire
2400210,cat
2390293,horse
2413552,surfer
2388905,boat
2401908,picture
2404227,giraffe
2393100,juicer
2406713,wardrobe
2402592,mitten
2409313,giraffe
2403430,hotdog
2413513,plane
2404313,mouse
2397212,shoe
2413409,tennis player
2390441,leek
2382806,tennis player
2397500,plane
2407918,phone booth
2407350,surfer
2388356,athlete
2376586,skateboard
2398271,frisbee
2415262,donut
2399336,trolley
2403595,bed
2375547,pizza
2412581,tie
2398130,umbrella
2381118,truck bed
2393900,child
2409898,mitten
2366157,horse
2396391,plane
2366249,train
2409264,boat
2412976,cake
2405438,desk
2392941,skateboarder
2397389,donuts
2364972,batter
2398340,skateboarder
2377714,tie
2405083,donut
2383575,skateboarder
2412047,parrot
2384327,picture
2407374,skier
2388335,tennis player
2409240,hotdogs
2411727,motorcycle
2414125,sheep
2404732,pizza
2415041,picture
2365595,giraffe
2411749,train
2408093,suitcase
2390695,skater
2376233,plane
2391930,living room
2402304,planter
2414605,horse
2403119,sheep
2375786,giraffe
2403978,giraffe
2365434,dessert
2402351,frisbee
2390454,horse
2407234,futon
2405655,pizza
2388608,shelf
2390362,book
2407460,sandwich
2404708,pizza
2412750,broccoli
2411975,suit
2390820,microwave
2364086,laptop
2402432,moped
2395559,rug
2407308,skateboarder
2396540,burger
2387790,baseball player
2404332,bed
2384830,rice
2407299,kite
2414827,skateboarder
2405805,cat
2390099,wine
2377446,bed
2390605,yogurt
2400651,highchair
2402766,giraffe
2404158,train
2386183,skateboarder
2414611,tennis player
2391964,flamingo
2397652,soccer player
2405561,desk
2392440,bed
2374644,umbrella
2372331,mouse
2408841,plane
2406361,cow
2402031,flamingo
2415274,tarmac
2394331,traffic light
2383812,zebra
2396170,giraffe
2407301,outhouse
2407360,dessert
2409273,pizza
2414774,pancake
2395261,sheep
2386963,sandwich
2387660,truck
2372173,pizza
2415085,shelf
2372980,cow
2408534,giraffe
2393931,blanket
2371594,china
2400242,train
2403827,frisbee
2393179,snowboarder
2404350,goalie
2407656,desk
2402353,suitcase
2412140,zebra
2410162,faucet
2412625,cow
2412083,tie
2408436,tie
2413331,pizza
2407990,frisbee
2404873,eagle
2388975,sandwich
2389926,skateboard
2410008,measuring cup
2377946,pillow
2396597,bed
2396543,tennis player
2392444,lamppost
2404543,helicopter
2415246,laptop
2413804,child
2403122,cabinets
2403233,desk
2364268,skateboarder
2405334,umpire
2400735,faucet
2366217,bed
2387465,ruler
2395879,laptop
2404286,crib
2412451,pizza
2407228,boat
2364677,ostrich
2386389,wok
2408814,tie
2410783,wine
2406985,skateboarder
2393262,tennis player
2413740,horse
2412149,banana
2366286,zebra
2413414,stove
2390075,giraffe
2388778,tortilla
2409867,bottle
2376185,plane
2400096,couch
2406041,fruit stand
2408240,tarmac
2412346,motorcycle
2374334,surfboard
2407995,plate
2409747,plate
2414927,turban
2395834,truck
2409692,tablecloth
2411424,plane
2389703,carpet
2414026,umpire
2406759,pillow
2369215,desk
2402573,bench
2403695,luggage
2414966,giraffe
2402752,bed
2375816,horse
2408558,glider
2414959,umpire
2411982,pizza
2408466,outhouse
2410216,horse
2388095,furniture
2408192,couple
2380266,ambulance
2383544,highchair
2402194,sign
2413430,giraffe
2393645,snowboard
2387303,train
2411026,plane
2396996,frisbee
2375803,bull
2391111,crust
2385918,plane
2398844,plane
2396757,raft
2408152,trolley
2392020,bed
2412854,shirt
2378346,skier
2405230,phone booth
2407844,plane
2397502,skateboard
2397843,plane
2366586,desk
2399295,glider
2372082,ottoman
2411659,skier
2391342,plane
2406198,sandwich
2391068,umpire
2407148,rug
2413785,cow
2396636,donut
2407329,box
2404980,bidet
2369241,wheelchair
2411148,baseball player
2404687,entertainment center
2414412,highchair
2396191,fruit
2414211,zebra
2365822,cereal
2409267,skateboarder
2404734,drink
2388754,surfboard
2397180,phone
2400294,train
2403889,umpire
2381497,chair
2374638,cake
2414870,chair
2382181,truck
2406218,moped
2404812,giraffe
2407788,pizza
2390383,skateboard
2411257,giraffe
2406322,giraffe
2396772,bidet
2409928,plane
2409343,plane
2390883,crib
2390993,horse
2383956,camera
2413463,wheelchair
2413407,donuts
2413856,frisbee
2406384,dog
2409094,dog
2399417,pizza
2400251,laptop
2401601,jet
2411058,sink
2382143,giraffe
2409535,sailboat
2376385,giraffe
2378041,skateboarder
2396610,laptop
2377746,tennis player
2401247,dog
2375457,measuring cup
2398745,people
2410022,propeller
2410749,teddy bear
2409292,hotdogs
2383272,boat
2409197,donuts
2396028,dog
2371563,cookie
2375769,giraffe
2400711,skateboarder
2400043,pitcher
2392513,sidecar
2409638,cereal
2383902,bed
2397785,table
2394341,mouse
2408125,sheep
2413307,tennis player
2383809,tennis player
2411314,moped
2391335,cow
2411876,horse
2390345,picture
2372045,plane
2412900,skier
2413217,vanity
2415292,bench
2409599,boat
2394905,desk
2391810,measuring cup
2408036,bench
2407664,skateboarder
2386872,benches
2406719,laptop
2405760,blanket
2404810,fork
2387293,train
2413287,house
2389951,motorcycles
2389995,laptop
2394938,laptop
2377160,bird
2413900,camera
2396875,bunk bed
2412444,giraffe
2404884,lap
2398829,measuring cup
2414712,stove
2389974,moped
2395418,catcher
2405606,phone
2404610,pancakes
2404494,train
2392380,surfer
2393735,rice
2381272,pool
2382335,horse
2397589,desk
2395830,umbrella
2383964,tennis player
2390560,teddy bear
2409923,tablecloth
2409808,sheep
2409541,chair
2404919,propeller
2372877,snowboard
2408740,tie
2410567,helicopter
2398463,cup
2412218,boat
2395520,boat
2407633,umpire
2406312,blanket
2374745,sheep
2402102,truck bed
2414912,restaurant
2392716,giraffe
2412260,pizza
2405343,dog
2409185,truck
2396642,train
2407543,couch
2406738,living room
2371992,camera
2408128,ambulance
2407335,skier
2400746,cow
2412256,frisbee
2403496,wine
2398591,ramp
2370406,truck
2407451,highchair
2402282,truck bed
2376728,pie
2394500,lamppost
2393584,moose
2407417,zebra
2395001,ambulance
2372052,giraffe
2411207,spatula
2415253,faucet
2398867,faucet
2414021,entertainment center
2396390,bird
2414793,toothbrush
2411326,skateboard
2412483,car
2401830,cow
2407857,pizza
2375141,hotdogs
2403901,owl
2400460,spatula
2406073,suit
2410489,umpire
2412163,boat
2378195,living room
2384328,giraffe
2407835,teddy bear
2387838,parrot
2395997,train
2412528,skateboarder
2409369,glider
2410593,planter
2396790,tie
2386404,shelf
2383524,teddy bear
2407853,motorcycle
2376015,sandwich
2415006,furniture
2407580,shirt
2407005,picture
2409735,bridge
2404858,tent
2376564,furniture
2406264,motorcycle
2410496,bowtie
2382794,train
2395006,train
2411266,skateboarder
2387385,laptop
2412974,moped
2397915,skyline
2398343,curtains
2408157,laptop
2376164,vegetables
2410146,sailboat
2400424,giraffe
2387988,benches
2409798,cow
2409848,keyboard
2372540,train
2388952,motorcycle
2404199,boat
2395481,umpire
2404602,sandwich
2405866,frisbee
2386175,skateboarder
2415176,horse
2415075,apple
2410462,vegetables
2402389,umpire
2413312,measuring cup
2394123,bed
2401450,train
2393056,tie
2406730,coffee maker
2403984,hotdog
2387438,desk
2398749,tracks
2404061,desk
2380438,pizza
2398841,shoe
2409489,umbrella
2397654,urinal
2410356,hotdog
2389084,food
2414060,highchair
2364306,train
2386150,train
2404396,frisbee
2378478,donut
2411693,yogurt
2365006,lamppost
2415249,store
2412695,bidet
2376302,laptop
2411012,faucet
2414687,train
2399743,coffee
2378680,toothbrush
2394254,giraffe
2403443,sandwich
2390045,donut
2403116,tennis player
2407643,microwave
2383447,frisbee
2405051,giraffe
2371967,hotdog
2414213,truck
2391661,train
2409305,cow
2410103,fork
2407108,tablecloth
2403734,skier
2414163,skater
2364652,bed
2378198,skier
2411317,cutting board
2378288,kite
2408452,sandwich
2405853,camera
2409287,sheep
2399452,table
2403170,sheep
2383522,hotdog
2375004,bench
2407742,measuring cup
2413431,hotdogs
2408928,zebra
2414134,train
2377089,measuring cup
2408020,bed
2410028,zebra
2382658,sandwich
2401252,child
2398073,motorcycle
2386555,umpire
2412920,bathtub
2377864,patio set
2364824,hotdog
2408616,windshield
2382457,dock
2376415,tie
2396918,couch
2398617,zebra
2410626,cookie
2409709,mitten
2414190,parrot
2414224,cake
2381099,bacon
2410808,soup
2409093,motorcycles
2406646,umbrella
2387779,sheep
2415110,horse
2407419,butterfly
2408874,highchair
2410770,picture
2412811,refrigerator
2404826,baseball player
2409663,horse
2382423,living room
2411425,suitcase
2372616,cow
2396020,dog
2395179,awning
2398489,wheelchair
2413241,batter
2406323,arm
2382203,bacon
2403836,horse
2366184,umpire
2413910,pizza
2383626,laptop
2410676,entertainment center
2404429,giraffe
2401635,bed
2413604,bird
2404871,tarmac
2412332,bed
2414886,chair
2395463,bear
2382384,house
2400347,sandwich
2382299,plane
2402014,tennis player
2388366,firetruck
2413160,pillow
2402998,tie
2406806,sink
2412724,purse
2402893,laptop
2408850,bird
2396607,phone
2380509,tie
2408646,vest
2401788,couple
2413648,cat
2396500,hotdog
2378614,train
2408604,banana
2414781,cake
2378331,frisbee
2393925,giraffe
2401848,hamburger
2406090,plane
2383598,phone
2376993,wing
2408073,yogurt
2410168,kite
2407092,pizza
2376778,bench
2408063,giraffe
2391833,car
2411063,toothbrush
2394088,plate
2387501,propeller
2398475,meat
2405833,desk
2403450,glider
2412546,couch
2393375,salmon
2415243,couch
2392909,truck
2390347,measuring cup
2395058,living room
2364380,horse
2413030,giraffe
2412541,skateboarder
2380530,desk
2387704,duck
2409046,pizza
2403745,train
2404712,pizza
2364978,pie
2364767,giraffe
2405042,phone booth
2409570,bird
2394797,fork
2376684,bunk bed
2388953,sheep
2371944,train
2384125,dog
2404971,purse
2372384,giraffe
2377788,cow
2376127,living room
2392323,highchair
2414015,desk
2414090,ottoman
2403952,kite
2402208,entertainment center
2408704,hotdogs
2382717,skateboarder
2400476,highchair
2393290,umpire
2403909,bench
2408247,snowboarder
2390440,tennis player
2410909,sailboat
2382985,pizza
2398770,patio set
2408915,bookshelf
2388198,couple
2400589,clock tower
2411849,plane
2391405,giraffe
2373368,tennis player
2406793,laptop
2411258,salad
2401851,tarmac
2383961,bar
2389057,tent
2410847,tennis player
2413156,stove
2407898,desk
2402842,collar
2382894,propeller
2387848,airplane
2414027,chair
2388143,cake
2407719,cake
2403490,entertainment center
2405540,mitten
2386306,donut
2389317,soup
2409188,firetruck
2411515,umpire
2394593,horse
2415229,window
2378412,surfer
2414798,cat
2375489,batter
2396989,couch
2394933,fruit stand
2388738,bunk bed
2406871,teddy bear
2414142,ambulance
2375227,sidecar
2399440,ambulance
2388454,desk
2414822,baseball player
2410421,picture
2403473,frisbee
2380736,wine
2389553,backpack
2410911,surfboard
2398207,hotdog
2415146,hat
2396682,giraffe
2390350,crust
2408372,skateboard
2412910,cow
2407477,soda
2384776,bed
2384885,windshield
2402305,bunk bed
2383249,zebra
2404891,propeller
2413827,burger
2414361,sandwich
2414376,living room
2390153,skateboarder
2403668,train
2385943,motorcycles
2397359,tie
2414820,mirror
2375621,pizza
2398117,skateboarder
2388692,tennis player
2413723,chair
2408982,pitcher
2413670,sofa
2365409,floor
2396215,giraffe
2387120,puppy
2409499,raft
2374467,zebra
2398485,wine
2403066,laptop
2411107,ruler
2391492,carriage
2372867,giraffe
2401857,shirt
2385984,vase
2395697,bull
2414189,pizza
2406229,lamppost
2396231,ramp
2413488,skateboarder
2410419,motorcycle
2407485,snowboarder
2405902,desk
2404950,sidecar
2372083,collar
2408197,child
2402345,skateboarder
2413859,plane
2403323,carriage
2383186,truck
2402439,zebra
2391378,fork
2395766,toothbrush
2409255,desk
2414017,moped
2393902,relish
2403521,giraffe
2377664,bench
2391510,umpire
2403710,raft
2393989,truck
2394357,pole
2383857,skateboard
2414578,mantle
2413675,wheelchair
2401721,pizza
2380908,truck
2408894,suitcase
2394851,ski lift
2413843,sailboat
2371798,hose
2408968,tie
2414525,parrot
2406385,mantle
2410392,book
2371975,child
2372288,surfboard
2390051,furniture
2401086,giraffe
2404426,umpire
2382655,bidet
2402578,ambulance
2376932,chair
2397076,zebra
2404630,tracks
2375908,athlete
2403214,sidecar
2413173,sign
2412112,coat
2395859,horse
2391863,laptop
2378351,skateboarder
2393680,cake
2403793,skateboard
2410376,pizza
2404767,cow
2411831,bidet
2403029,truck
2396668,boat
2396064,donut
2405783,giraffe
2378681,plane
2402684,sandwich
2392628,couch
2410561,crust
2401329,cake
2413787,sheep
2399088,cow
2406917,blanket
2409080,bunk bed
2383090,sausages
2402070,highchair
2394200,entertainment center
2411079,parrot
2365564,surfer
2390552,dog
2393592,measuring cup
2404289,plane
2384362,cabinets
2414227,suit
2410346,pizza
2413255,wheelchair
2390220,bench
2397222,tennis player
2412950,giraffe
2394825,vegetables
2408580,pizza
2414214,fruit
2383311,storefront
2378214,birdbath
2403453,train
2399037,dog
2412906,rug
2410300,soccer player
2376513,wrapper
2386580,dock
2413337,banana
2386909,firetruck
2380246,bathtub
2396971,train
2390752,plane
2404567,pizza
2371517,bunk bed
2381170,trolley
2410369,skier
2412197,tennis player
2399880,child
2411414,skier
2377305,surfboard
2411996,toilet
2407879,truck
2384968,people
2402863,helicopter
2406984,skateboard
2412275,baseball player
2410931,fork
2382974,pizza
2389770,cow
2396594,mitten
2410788,laptop
2394026,horse
2398373,collar
2366404,train
2412383,cow
2397988,child
2376679,hotdog
2395907,benches
2404849,pizza
2365253,waffle
2408435,tennis player
2410415,pizza
2403497,horse
2415108,horse
2413286,zebra
2382804,mirror
2386004,ship
2376220,horse
2409957,measuring cup
2411916,plane
2384042,squirrel
2383607,tie
2396098,cat
2389882,trolley
2366403,glasses
2405958,coffee maker
2412049,dog
2376128,coffee maker
2414194,sweatshirt
2382115,giraffe
2395413,suit
2400121,pizza
2412211,giraffe
2410247,truck bed
2385905,giraffe
2409195,apple
2388057,bed
2393691,bunk bed
2404446,skier
2412183,cabinet
2389157,skateboard
2377594,wheelchair
2401752,train
2412333,giraffe
2401563,microwave
2396018,vehicle
2388621,vegetables
2413894,bird
2403123,bed
2388772,teddy bear
2375513,soccer player
2413086,tortilla
2375929,giraffe
2393361,bed
2408833,person
2391061,couple
2393094,burger
2412215,dog
2413703,outhouse
2388765,living room
2389607,laptop
2401025,pizza
2412462,people
2413014,toaster
2414006,train
2408923,bookshelf
2391077,box
2404856,umbrella
2378192,toothbrush
2395423,train
2397095,fence
2399046,wine
2377184,curtains
2413318,truck bed
2381092,traffic light
2385468,window
2402131,helicopter
2405633,shoe
2401983,cow
2372007,spatula
2389676,rug
2394491,drink
2399415,giraffe
2413177,living room
2413597,umpire
2381045,trolley
2410887,pancakes
2382898,goalie
2387810,motorcycles
2411084,planter
2388401,ambulance
2410107,cow
2394316,glider
2384930,cow
2410017,skateboard
2373818,horse
2415272,bridge
2413391,living room
2386046,sheep
2382800,toilet
2401357,entertainment center
2398149,skateboarder
2404381,desk
2365090,umpire
2413444,camera
2412195,bridge
2401822,donut
2396615,camera
2411027,tie
2376835,boat
2386346,catcher
2372079,goalie
2407916,drink
2413800,plane
2413842,train
2385341,umpire
2394400,bull
2378539,bed
2384131,cat
2404969,entertainment center
2395042,trailer
2386286,cake
2377799,tennis player
2413911,cake
2414797,luggage
2399582,desk
2391535,arm
2407398,beer
2374911,hamburger
2410101,entertainment center
2392606,dog
2402226,birdbath
2410811,toilet
2403933,tennis player
2404059,shoe
2409582,tablecloth
2382435,horse
2376635,laptop
2414678,birdbath
2406700,carriage
2408041,giraffe
2366348,woman
2411569,woman
2398922,tie
2399730,pizza
2413159,skateboarder
2396399,catcher
2415241,giraffe
2412398,couch
2412729,crib
2407996,trailer
2391159,bench
2398057,horse
2397108,skateboarder
2400137,bird
2400228,desk
2407601,hotdog
2396234,propeller
2407007,door
2413812,wrapper
2397542,camera
2397491,umbrella
2405118,phone booth
2380817,tie
2389352,skateboard
2408396,child
2376716,sidecar
2384634,glider
2393261,truck
2407497,dog
2402973,cow
2407730,soccer player
2384435,seat
2403813,pizza
2406614,giraffe
2401549,wall
2372550,car
2394555,umbrella
2413317,cow
2395081,skateboarder
2409883,vase
2410810,sidecar
2408353,shower
2393461,couple
2410109,vegetables
2393769,highchair
2378228,cake
2408154,sheep
2414200,phone
2403602,train
2395197,giraffe
2407421,goalie
2402851,frisbee
2364790,bowtie
2408301,fruit stand
2391191,pizza
2409587,dog
2409646,fork
2386230,rice
2396323,moose
2387598,buffet
2393352,barn
2383771,child
2403753,boat
2394682,jet
2409309,plane
2389772,sheep
2413583,horse
2410193,giraffe
2415023,sandwich
2401070,giraffe
2409981,umbrella
2409271,train
2365009,wall
2404470,child
2391618,laptop
2414663,measuring cup
2412653,moped
2364847,umpire
2404899,windshield
2390111,bridge
2397233,motorcycles
2406796,bar
2385010,toilet
2403390,highchair
2393135,highchair
2388688,snowboarder
2415095,parrot
2410095,duck
2400168,helicopter
2377571,bidet
2409333,yogurt
2383140,spatula
2401578,tarmac
2408045,skateboarder
2410359,desk
2410044,ship
2412521,bird
2400922,dog
2391802,ruler
2404197,train
2383330,motorcycles
2386196,desk
2414234,laptop
2401748,pizza
2404338,fruit stand
2410001,donut
2409569,bed
2375588,zebra
2411308,phone
2395388,plane
2387256,boat
2406473,motorcycles
2414047,skateboarder
2413237,fork
2366101,crib
2408971,trough
2405305,bidet
2407741,horse
2405806,bench
2397977,pizza
2397816,plane
2391864,highchair
2402298,horse
2408701,zebra
2399504,furniture
2412009,surfboard
2406647,ramp
2407747,bird
2410153,mitten
2407740,traffic light
2397903,zebra
2395034,highchair
2413893,van
2394257,plane
2384561,hamburger
2413416,motorcycles
2397346,hotdogs
2396029,cat
2410058,bus stop
2410720,fork
2408739,cupcake
2409753,child
2409461,jet
2397158,measuring cup
2377429,wall
2414862,baseball player
2385976,horse
2396010,platform
2396152,surfer
2412902,sheep
2413467,door
2383015,bunk bed
2411891,train
2388416,apple
2404411,phone booth
2412132,people
2408723,plane
2412133,pizza
2394372,squirrel
2410398,tennis player
2411601,bunk bed
2413728,hamburger
2411896,dock
2391559,tent
2404564,sheep
2383348,laptop
2411770,hand
2409377,desk
2408383,dog
2400993,dog
2409637,bed
2380507,tennis player
2382476,horse
2375421,juicer
2408771,tennis player
2403671,motorcycles
2372218,fruit
2411288,tie
2381403,surfer
2374569,cookie
2408916,moped
2407794,snowboarder
2392095,plane
2384715,boat
2407649,cow
2408417,skateboarder
2380327,donut
2414941,house
2388245,living room
2375601,giraffe
2414425,suv
2409404,squirrel
2387253,table
2409259,tent
2380362,laptop
2394487,bunk bed
2402628,car
2409739,pizza
2411989,child
2376265,bunk bed
2413250,benches
2401246,toothbrush
2377182,jet
2410210,curtains
2385214,bench
2376369,cow
2402012,shirt
2414963,baseball player
2376215,plane
2390209,donut
2390074,laptop
2412727,rhubarb
2398301,pancake
2383472,bed
2390302,toothbrush
2405621,cutting board
2374989,child
2377246,wine
2393119,bird
2402715,cabinets
2365770,tennis player
2409685,sidecar
2404801,duck
2394454,boat
2392774,giraffe
2407811,cake
2365318,hotdog
2411764,sandwich
2385974,bus
2404045,phone
2389168,train
2402174,luggage
2409445,surfer
2414058,giraffe
2377019,pizza
2394889,refrigerator
2382975,bench
2412409,bench
2410950,egg
2364851,toast
2376326,apple
2388484,furniture
2392209,bed
2413138,zebra
2409388,giraffe
2415254,blanket
2382558,pizza
2411306,desk
2402591,horse
2411435,people
2394810,bus stop
2406926,coffee maker
2372230,ram
2388109,motorcycles
2396740,monkey
2366112,highchair
2398058,curtains
2413605,desk
2395484,jeep
2405768,bread
2365507,people
2384294,pizza
2405746,refrigerator
2406770,bathtub
2414280,bed
2399946,tennis player
2398715,frisbee
2406156,horse
2411656,suit
2409938,sandwich
2370429,juicer
2391288,child
2376251,coffee
2396367,bed
2391103,bird
2400668,turban
2410804,wing
2388683,bed
2396639,pizza
2407425,umpire
2409491,cupcakes
2377532,sign
2409335,plane
2378597,laptop
2377632,suit
2414727,cabinets
2411587,benches
2382519,dog
2396476,sandwich
2386134,bike
2406717,umbrella
2386458,collar
2406952,highchair
2377030,bunk bed
2383661,laptop
2413641,bed
2405428,frisbee
2407797,pizza
2385022,picture
2375145,measuring cup
2412450,snowboarder
2410839,tent
2407793,pizza
2373257,picture
2403789,pizza
2414826,phone booth
2395260,hotdogs
2413998,horse
2414613,snowboarder
2364371,restaurant
2413020,desk
2409067,umpire
2388190,desk
2415112,pole
2412279,cat
2401438,sheep
2399304,bed
2374749,truck bed
2387767,pizza
2402442,bed
2405856,refrigerator
2390586,skateboarder
2405575,faucet
2377415,coffee maker
2412058,donut
2403462,tablecloth
2395426,bed
2387567,train
2395850,horse
2387858,platform
2378008,bus stop
2410234,plane
2391177,frisbee
2414937,chair
2403290,snowboarder
2406178,sink
2389280,firetruck
2377738,elephant
2376717,entertainment center
2410025,bed
2376340,birdbath
2413171,teddy bear
2403460,refrigerator
2410526,clock tower
2411090,floor
2400941,camera
2391593,skater
2393948,horse
2406975,giraffe
2414079,tablecloth
2372853,tennis player
2403052,zebra
2399001,bunk bed
2393745,cat
2407218,desk
2409281,cabinet
2408831,teddy bear
2407334,giraffe
2376689,wok
2391549,measuring cup
2396445,donuts
2402581,squash
2409214,ship
2402505,mitten
2396164,coat
2411829,couple
2398642,couple
2414429,child
2392629,skier
2414039,horse
2408219,giraffe
2405814,train
2383747,suv
2404384,teddy bear
2404562,duck
2402734,trolley
2399050,cow
2393025,desk
2364060,bacon
2394511,desk
2393625,skateboarder
2393833,apple
2412076,tablecloth
2376007,mitten
2405398,train
2412253,laptop
2390214,chair
2404953,boat
2398633,umpire
2408412,highchair
2402897,parrot
2409226,desk
2401862,dessert
2396109,bird
2409722,giraffe
2388215,entertainment center
2414799,motorcycles
2407402,motorcycles
2404295,horse
2415053,train
2365145,truck
2411963,pizza
2405648,plane
2392690,dog
2393642,plane
2412329,traffic light
2410212,highchair
2395610,cake
2380388,teddy bear
2407720,clock tower
2401061,wine
2389718,skateboarder
2392617,sandwich
2408988,hotdogs
2383316,desk
2413784,vase
2408432,laptop
2413906,laptop
2385782,computer
2381868,pizza
2386586,tennis player
2400493,turban
2414023,mitten
2385632,suitcase
2385302,purse
2404798,flamingo
2387685,tarmac
2415231,skateboard
2400451,phone booth
2413923,tie
2415115,zebra
2402503,boat
2390348,hat
2404621,train
2401847,bench
2376175,plane
2387820,sheep
2406849,baseball player
2386576,food
2397528,cow
2388497,microwave
2414738,horse
2415224,skateboard
2413041,skier
2403830,bench
2407206,motorcycles
2413377,snow
2415169,cake
2400542,umpire
2410771,hotdogs
2397120,trolley
2402300,horse
2396196,coleslaw
2412036,train
2404317,tarmac
2411352,frisbee
2378408,sheep
2382748,motorcycle
2410097,bed
2374585,parrot
2377542,sandwich
2404376,umpire
2406645,skateboarder
2408149,hotdogs
2378617,bus stop
2393742,book
2397337,baseball player
2411858,cabinets
2402537,desk
2414573,skateboarder
2366051,tie
2414521,couple
2383953,ski lift
2364414,cake
2410833,shirt
2376453,dog
2398359,pizza
2377569,bird
2372903,quesadilla
2414856,storefront
2414776,suitcase
2366080,cow
2390818,zebra
2399025,boat
2403572,carriage
2390580,bench
2397093,fence
2388698,skater
2397938,vegetables
2394636,zebra
2398075,desk
2396977,coffee maker
2407326,pizza
2375716,giraffe
2387908,moose
2392965,chicken
2393972,umbrella
2392600,beer
2378034,coleslaw
2396697,tennis player
2404674,measuring cup
2412936,umpire
2388003,table
2378546,skateboarder
2384202,fruit stand
2387855,train
2405357,picture
2393796,jet
2398798,desk
2372355,laptop
2407222,suv
2401387,table
2407668,laptop
2397156,desk
2405247,oatmeal
2404251,moped
2396232,plane
2400456,bus
2387060,hand
2399364,hotdog
2411417,zebra
2398616,hotdog
2404326,motorcycles
2394627,desk
2393953,sheep
2394215,food
2414029,zebra
2389844,bench
2411104,sheep
2396261,elephant
2405358,giraffe
2413987,hotdog
2384473,plane
2394441,plane
2397783,teddy bear
2394478,snowboarder
2410877,train
2393093,cow
2376050,motorcycles
2408574,sandwich
2401915,zebra
2400297,plane
2404515,umpire
2414081,suv
2414237,blanket
2382352,kite
2394545,apple
2376250,giraffe
2406839,teapot
2364631,plane
2388526,plane
2407339,luggage
2365198,skier
2410403,chair
2401202,train
2381331,refrigerator
2410029,suit
2403590,train
2376769,jet
2411023,sheep
2411863,motorcycles
2408366,dog
2375594,desk
2406005,couple
2388789,chicken
2412967,sidecar
2404775,tie
2392032,pizza
2409924,pizza
2400736,bed
2409829,train
2405688,firetruck
2395757,umpire
2393762,bridge
2414177,knife
2386223,bed
2377697,box
2397107,tablecloth
2386128,vegetable
2377731,couple
2404665,lamppost
2395395,kayak
2376122,suitcase
2376268,zebra
2412193,truck
2409571,ottoman
2407899,arm
2408715,cereal
2406224,motorcycle
2409225,parrot
2406831,horse
2409366,tie
2396554,zebra
2407815,motorcycles
2404753,ramp
2408213,blender
2404913,bear
2404766,grass
2411354,fruit stand
2370957,bed
2383176,trolley
2396829,train
2393930,hotdog
2398570,pancakes
2410140,train
2413441,fork
2396066,mirror
2407113,umpire
2392090,horse
2396478,zebra
2404318,cake
2414654,skateboarder
2372376,benches
2409952,wheelchair
2408505,living room
2400507,desk
2408069,living room
2394322,dog
2401022,motorcycles
2396392,motorcycle
2414400,turban
2413559,yogurt
2411776,giraffe
2364930,zebra
2401976,patio set
2391048,pizza
2411078,garage
2406768,guinea pig
2408347,skateboarder
2394685,plane
2394684,sheep
2396628,futon
2404430,cat
2406639,bed
2374302,benches
2412722,pitcher
2397805,tennis player
2385476,skateboarder
2383988,frisbee
2377005,suit
2372413,skier
2402260,wok
2415131,plane
2407578,table
2396937,taxi
2405807,bidet
2413725,frisbee
2403026,phone booth
2408839,airport
2377665,batter
2412893,hotdog
2411614,desk
2406890,banana
2407709,ambulance
2389441,tie
2396443,surfboard
2406824,cup
2410433,turban
2402662,jar
2392912,tie
2403180,train
2408111,street
2365380,horse
2413805,cat
2394976,sheep
2405135,hat
2407455,zebra
2406723,ambulance
2414080,cookie jar
2413579,ambulance
2388476,skateboarder
2402334,hose
2366502,pizza
2404776,truck
2394575,zebra
2410792,sink
2400937,entertainment center
2407437,bunk bed
2374737,bunk bed
2383069,eagle
2403809,cake
2412744,wall
2392100,wok
2412718,puppy
2388373,plane
2398621,bench
2403019,bus
2381669,pie
2402933,cake
2410601,apple
2398472,laptop
2410665,couch
2400797,umpire
2396499,umpire
2405776,plane
2414545,pizza
2397911,faucet
2411617,trolley
2405959,zebra
2376580,sandwich
2412719,giraffe
2410429,umpire
2404394,umpire
2384072,batter
2407780,bunk bed
2386132,tracks
2397312,moose
2400774,boat
2409025,cake
2414152,dessert
2410912,phone booth
2394367,outhouse
2382924,soccer player
2386070,tarmac
2407675,giraffe
2396661,sandwich
2402327,refrigerator
2366181,tennis player
2414576,cat
2414951,cat
2406939,jet
2397239,cat
2414186,sailboat
2397687,zebra
2409211,horse
2407209,shoe
2396750,salad
2407646,cake
2410566,burger
2402861,moped
2408520,pancakes
2409164,suitcase
2392130,giraffe
2410659,backpack
2408206,train
2408465,truck bed
2384876,camera
2391727,giraffe
2388129,bunk bed
2400211,blanket
2403677,microwave
2392176,bookshelf
2377153,baseball player
2393880,beer
2391744,giraffe
2389825,surfer
2410251,cow
2375891,pan
2381492,fruit stand
2388537,cow
2364347,giraffe
2407250,plane
2402858,motorcycle
2398030,truck
2398650,urinal
2383433,ottoman
2378164,measuring cup
2403761,apple
2378560,horse
2405293,tennis player
2414691,camera
2407215,crust
2410290,train
2409595,snowboarder
2395935,umpire
2380348,suitcase
2410055,skateboarder
2387851,horse
2414085,poncho
2404204,bench
2409283,bench
2414319,booth
2400934,laptop
2406081,bike
2378535,fruit stand
2412986,wheelchair
2396456,umpire
2407935,laptop
2411624,fork
2392364,lamppost
2410790,chair
2401182,plane
2369200,plane
2404593,pizza
2384609,cake
2395009,bench
2396863,zebra
2403043,ramp
2399058,motorcycles
2398606,cake
2375037,skier
2408800,skateboard
2404163,mitten
2408530,motorcycle
2412274,chair
2392661,horse
2398424,bacon
2412280,laptop
2408019,soccer player
2376351,child
2384008,tent
2398471,umpire
2406274,desk
2375391,giraffe
2415174,cabinets
2408899,train
2412456,cutting board
2404639,fork
2405159,laptop
2374357,mitten
2404427,bird
2401588,lamppost
2403474,kite
2393439,tennis player
2412337,restaurant
2406969,horse
2404609,pizza
2403195,plane
2413386,jeep
2407181,tie
2395327,cow
2365273,microwave
2372120,umpire
2408867,suitcase
2397928,backpack
2413557,ottoman
2410036,blender
2409676,cart
2374709,trolley
2386757,baseball player
2396396,kimono
2407110,horse
2411926,shelf
2412045,umpire
2383087,wine
2407275,living room
2412864,skateboarder
2407922,truck bed
2365332,phone
2411558,suitcase
2364132,cat
2414948,book
2402120,microwave
2413535,bed
2386815,surfer
2407683,llama
2403858,plane
2378242,highchair
2409539,desk
2404718,dock
2399621,plane
2376698,motorcycles
2413633,skateboarder
2410731,bed
2404536,people
2386521,pizza
2373859,tie
2376614,taxi
2380617,refrigerator
2377691,hotdog
2409630,motorcycles
2413875,streetlight
2380694,propeller
2387271,bed
2399053,bench
2402898,burger
2400739,skier
2392321,pizza
2414558,pan
2407754,sink
2394395,hotdogs
2410549,child
2413826,skier
2365699,highchair
2401166,wheelchair
2389682,pizza
2387739,buffet
2396980,train
2387497,bunk bed
2406216,plane
2366210,sidecar
2376111,couch
2407216,pancake
2395501,lap
2413828,cow
2393294,suit
2394077,mitten
2412217,moped
2397361,desk
2414072,banana
2376001,measuring cup
2411009,plane
2383256,motorcycles
2414182,couple
2400204,motorcycles
2407965,helicopter
2414277,zebra
2393240,cookie
2387414,truck
2371977,chair
2396326,beard
2407575,bird
2380834,sheep
2413681,juicer
2402243,chair
2390649,cow
2404461,tennis player
2365274,kettle
2414230,giraffe
2383730,giraffe
2406196,couch
2398714,bridge
2396413,skier
2398562,benches
2365502,tennis player
2411887,jet
2404658,laptop
2377936,boat
2403726,cupcakes
2382242,tub
2415144,suv
2364627,horse
2414116,pizza
2395419,plane
2408361,computer
2388783,horse
2399715,plane
2406415,giraffe
2414192,tennis player
2396709,bunk bed
2414857,tennis player
2412377,train
2378631,laptop
2411070,mouse
2378094,storefront
2413429,desk
2402622,food
2398200,horse
2409700,refrigerator
2407969,cabinets
2413838,jet
2406532,jet
2412492,tie
2414971,living room
2365854,turkey
2375916,motorcycles
2390555,pizza
2414792,giraffe
2412937,motorcycle
2398469,beard
2375273,cabinets
2415025,plane
2407877,bunk bed
2399989,wine
2374576,frisbee
2393868,bus stop
2386915,umpire
2390039,pillow
2410766,frisbee
2396216,hat
2406633,tennis player
2393459,phone
2387492,ambulance
2395482,teddy bear
2414677,teddy bear
2400086,birdbath
2395657,living room
2412006,bowtie
2376223,yogurt
2409231,umpire
2377658,garage
2413903,laptop
2414161,glider
2390358,tie
2414056,surfer
2398334,snowboarder
2390496,measuring cup
2395966,motorcycles
2406191,umbrella
2411597,bus stop
2365400,box
2404756,pig
2402467,coleslaw
2401479,tent
2410864,skateboard
2396666,shoe
2412061,bird
2413930,pizza
2410517,sign
2387539,teddy bear
2395959,giraffe
2412299,tennis player
2410176,giraffe
2408952,horse
2375857,train
2396405,faucet
2399832,ski lift
2409493,cutting board
2405909,snowboarder
2413592,umpire
2409850,desk
2413358,umpire
2397037,entertainment center
2405868,boat
2406942,cow
2411269,plane
2364503,banana
2404791,train
2408375,pizza
2405453,tie
2412761,van
2403675,snowboarder
2374381,couple
2392538,train
2412305,laptop
2405129,shoe
2364766,boat
2414649,tray
2370385,zebra
2398787,frisbee
2398096,bench
2395165,kite
2382674,frisbee
2402522,shower
2399761,booth
2414897,horse
2414713,highchair
2407721,burger
2403568,truck
2375419,pizza
2409617,pizza
2409330,laptop
2411183,horse
2398266,plane
2395815,plane
2397888,umpire
2372771,sheep
2393534,child
2390224,skateboard
2405772,entertainment center
2377627,salad
2407585,desk
2409547,chair
2392410,dresser
2413642,phone booth
2411928,living room
2413558,train
2403104,turkey
2392584,ambulance
2390394,sandwich
2390171,plane
2410309,laptop
2390873,laptop
2364640,child
2371905,motorcycles
2409174,yogurt
2364568,boat
2414423,cabinets
2409781,measuring cup
2408690,drink
2408563,wine
2404673,bird
2411757,horse
2364250,tea
2397191,helicopter
2401303,snow
2408929,display
2401477,picture
2407503,horse
2408936,stroller
2394993,toilet
2405179,cow
2405597,plane
2385955,frisbee
2403405,shoe
2402546,ambulance
2382540,book
2365947,cow
2387916,highchair
2382663,sweatshirt
2411243,sandwich
2394915,steak
2384106,suitcase
2395699,cow
2406979,entertainment center
2406897,faucet
2395551,apple
2409586,food
2398495,couch
2377917,garage
2404956,temple
2414665,giraffe
2403401,oven
2398121,donut
2411262,zebra
2408987,giraffe
2386495,carpet
2391636,rug
2409280,tennis player
2398838,bunk bed
2376110,airport
2407890,carpet
2372054,highchair
2364675,train
2384451,giraffe
2400335,entertainment center
2386500,sail
2378178,laptop
2378291,moped
2413679,bidet
2365650,benches
2393211,trough
2387669,frisbee
2405341,couple
2412352,pizza
2397399,tie
2396510,zebra
2410688,hose
2373728,tennis player
2410358,traffic light
2404506,zebra
2411947,skateboarder
2408627,entertainment center
2382235,traffic light
2389138,zebra
2410050,hamburger
2414752,plane
2400824,pizza
2388894,pottery
2400832,biscuit
2404014,cake
2410759,computer
2375950,fruit stand
2376324,skater
2411687,couch
2402311,soup
2403877,train
2413197,wine
2397413,tie
2395874,zebra
2410254,bird
2387411,skier
2403888,train
2383763,sandwich
2389347,giraffe
2391866,train
2408573,giraffe
2390472,boat
2400650,soccer player
2403016,cow
2372277,mouse
2392356,pottery
2400800,umpire
2413026,tablecloth
2399485,boat
2402540,ram
2372844,bed
2378167,field
2407196,scoreboard
2413275,train
2393149,trolley
2399135,bathtub
2403081,benches
2408439,train
2406321,box
2393630,measuring cup
2414515,skateboarder
2402265,motorcycles
2407750,entertainment center
2409128,surfboard
2392932,trolley
2409429,lap
2412186,truck bed
2404459,tennis player
2385979,eagle
2396892,umbrella
2403112,umpire
2388954,puppy
2409935,gown
2376235,horse
2414823,toothbrush
2408294,benches
2407889,boat
2412057,suitcase
2388802,plane
2387216,wine
2402089,train
2410970,storefront
2386169,entertainment center
2394882,dog
2402230,pizza
2392537,box
2365674,cake
2393990,motorcycle
2406959,tablecloth
2403857,tie
2413724,zebra
2392110,horse
2409605,elephant
2406999,motorcycles
2414714,sandwich
2377343,plane
2383277,sheep
2396872,toothbrush
2412336,pizza
2404448,skateboard
2408224,bed
2400630,horse
2390581,goalie
2410426,motorcycle
2409444,giraffe
2409553,desk
2405165,giraffe
2372323,sandwich
2410743,pizza
2372272,living room
2408064,giraffe
2395399,clock
2393018,pizza
2377778,plane
2382444,bull
2392920,rooster
2372419,umpire
2405801,surfboard
2401780,apple
2365664,plane
2375409,plane
2389824,horse
2397146,shed
2365388,highchair
2403179,carriage
2365792,dugout
2414203,people
2390944,apple
2394406,umpire
2397787,frisbee
2405101,train
2399013,boat
2408277,dolphin
2413450,fork
2391241,phone booth
2411658,skier
2402308,horse
2415056,train
2415154,bidet
2408173,curtains
2394927,skateboard
2394472,phone
2390824,pitcher
2407623,fruit stand
2390572,motorcycles
2385760,child
2413122,backpack
2404134,banana
2403234,knife
2413755,car
2401236,horse
2392293,zebra
2410605,keyboard
2372258,bacon
2393998,frisbee
2365698,couch
2410754,kite
2396420,skier
2398226,gown
2409979,baseball player
2408108,glider
2411029,zebra
2404642,train
2402370,suv
2384040,cabinets
2366152,bird
2413985,living room
2413733,traffic light
2374192,bench
2396459,camera
2406118,oatmeal
2407559,storefront
2366336,rug
2371539,juicer
2408629,batter
2410003,cookie
2378044,train
2384595,helmet
2405937,tennis player
2399599,bird
2391275,bathtub
2406441,patio set
2410343,horse
2390486,giraffe
2390666,tennis player
2378258,sidecar
2405325,dog
2402030,motorcycle
2383717,batter
2410918,bunk bed
2403284,sheep
2377188,motorcycles
2384734,entertainment center
2408699,tennis player
2387031,zebra
2412301,suitcase
2412157,zebra
2411596,bagel
2395618,umpire
2415051,tracks
2387989,bed
2387675,plane
2411233,rug
2408106,baseball player
2409372,buffet
2414898,bench
2393723,truck
2387800,sheep
2404661,cow
2402255,clock
2402397,coat
2412267,zebra
2403038,bird
2404171,plane
2413188,bug
2377984,ambulance
2391735,apple
2382709,pizza
2410934,batter
2409620,steak
2364120,tarmac
2387860,train
2404293,motorcycles
2406834,train
2406678,jet
2408262,plane
2403610,bird
2397857,tennis player
2411192,horse
2407284,toothbrush
2373309,motorcycles
2387940,food
2390869,plane
2387975,clock
2403537,frisbee
2412312,cow
2414078,surfer
2383533,trolley
2415071,sandwich
2414114,coffee maker
2414846,tennis player
2409884,soccer player
2408673,mustard
2388826,vase
2402458,coleslaw
2371496,train
2414583,bagel
2413013,donut
2386180,banana
2380550,plane
2397119,entertainment center
2409538,giraffe
2405232,zebra
2403321,train
2390806,train
2373660,bed
2375190,curtains
2380230,sink
2407785,pizza
2414632,camera
2393339,snowboarder
2403056,bed
2408969,motorcycle
2380448,carrot
2366312,sandwich
2409457,skateboarder
2390192,couple
2397494,computer
2405100,tennis player
2406221,plane
2378619,bunk bed
2391297,laptop
2407328,luggage
2401760,sink
2413928,suv
2412116,moped
2414652,boat
2364183,bus stop
2393842,truck
2404783,pizza
2398361,backpack
2393326,measuring cup
2396122,pizza
2410787,highchair
2401541,tie
2402423,couple
2409790,suv
2396802,plane
2410353,living room
2384453,mouse
2408176,tent
2413846,plane
2407004,sandwich
2395470,frisbee
2399852,frisbee
2412153,pizza
2394632,donuts
2388585,motorcycles
2398036,motorcycle
2395760,child
2405476,poncho
2383354,peacock
2410075,plane
2364985,shirt
2406021,wall
2390278,steak
2397248,giraffe
2403140,bench
2386082,camera
2405326,child
2408577,umbrella
2414366,bridge
2402771,meat
2407178,bird
2400221,tie
2404706,sheep
2399190,wing
2404488,tracks
2403607,trolley
2405858,trolley
2404986,cat
2388580,sheep
2383566,airport
2387276,zebra
2415278,bike
2410967,dog
2405603,surfer
2388945,blanket
2414341,tie
2412184,motorcycle
2412739,surfer
2402262,bed
2366509,jet
2415258,ram
2399560,bunk bed
2376676,wine
2375831,trolley
2393561,steak
2384355,mitten
2402248,plane
2408180,carriage
2394374,desk
2375924,boat
2407712,garage door
2410242,motorcycles
2408547,bench
2391606,book
2365048,court
2405069,cabinets
2387174,horse
2405345,tie
2412663,train
2366197,toilet
2388083,bed
2406916,picture
2392236,zebra
2404627,canister
2407407,benches
2408052,storefront
2407096,motorcycles
2387540,umpire
2388019,dog
2384775,glasses
2412424,traffic light
2407516,cow
2402767,clock
2398188,giraffe
2408594,train
2405879,laptop
2403746,cake
2404595,dish
2401063,picture
2366026,vest
2407488,living room
2409708,microwave
2385928,skateboard
2397308,laptop
2405031,pizza
2408507,soup
2377249,cat
2377361,train
2395448,train
2398575,plane
2412080,suitcase
2406569,train
2388875,desk
2413183,phone booth
2412298,teapot
2382395,tie
2376156,hose
2404992,bear
2404143,mug
2411845,plane
2402579,frisbee
2402765,umpire
2412188,train
2409065,snowboarder
2411030,food
2410456,cow
2402817,pancake
2404057,desk
2366145,zebra
2409008,kimono
2408489,ramp
2410938,measuring cup
2393924,hair
2395297,pizza
2398199,squirrel
2388024,traffic light
2382737,tablecloth
2403635,measuring cup
2407831,entertainment center
2375169,tennis player
2415122,train
2406062,food
2401498,pancakes
2406812,plane
2401506,toast
2394894,cookie jar
2364297,oven
2410090,tennis player
2407260,elephant
2389394,umpire
2376845,backpack
2376814,desk
2398198,highchair
2398318,laptop
2395173,chair
2390880,plane
2400462,lap
2414700,skateboarder
2406380,ram
2403410,teddy bear
2409851,laptop
2365474,laptop
2413591,giraffe
2408164,parrot
2378224,motorcycles
2366397,pizza
2365310,trailer
2411748,cake
2412207,desk
2405857,bird
2391829,pool
2396304,eagle
2387237,donuts
2389947,donut
2383868,motorcycle
2397723,truck
2410947,bird
2392314,backpack
2412839,laptop
2408130,cabinets
2412221,giraffe
2414976,skater
2407715,zebra
2410181,laptop
2413562,donut
2406425,monkey
2366606,child
2410791,crib
2409608,truck bed
2401306,sidewalk
2404800,ramp
2408880,jet
2395015,horse
2407514,baseball player
2410932,cat
2365453,cat
2412268,spatula
2414145,horse
2388963,tennis player
2409548,horse
2386619,desk
2376275,donuts
2401041,horse
2390188,entertainment center
2405401,horse
2408854,pig
2394467,bench
2412091,shoe
2402777,teddy bear
2366628,umbrella
2409701,measuring cup
2403175,bridge
2408741,bird
2372705,bed
2402931,skateboarder
2393030,pizza
2382582,zebra
2414202,frisbee
2403837,hotdog
2397019,pottery
2397515,plane
2407205,snowboarder
2414422,luggage
2376933,frisbee
2414642,bidet
2409989,train
2415012,bathtub
2408930,umpire
2393167,vegetables
2413796,soccer player
2382947,giraffe
2409055,car
2402707,faucet
2401279,bowtie
2397020,laptop
2403479,snowboarder
2365321,highchair
2394386,skateboarder
2388538,motorcycles
2394111,skier
2377520,bridge
2411205,bunk bed
2408226,benches
2407294,picture
2398210,food
2413775,highchair
2409537,phone booth
2406956,bird
2404511,sign
2386695,pizza
2392278,zebra
2388453,shirt
2409578,train
2385897,frisbee
2371945,suitcase
2387763,cat
2397259,poncho
2364228,horse
2395342,suitcase
2394657,giraffe
2403517,furniture
2395499,pizza
2406260,goose
2406982,bird
2383951,laptop
2376742,fork
2372822,bridge
2414490,skier
2396558,fruit
2413166,sink
2407101,boat
2386234,giraffe
2399661,laptop
2388064,skateboard
2404820,sandwich
2365382,highchair
2386368,motorcycles
2410969,cow
2409551,dog
2406468,window
2380425,wrapper
2388995,carriage
2374846,picture
2388782,pizza
2401268,desk
2410850,boat
2398408,plane
2366582,restaurant
2413651,plane
2408357,highchair
2382501,cake
2388228,skateboarder
2396778,pizza
2414217,horse
2365749,planter
2407453,microwave
2413412,train
2365921,horse
2399524,train
2376350,cow
2396427,train
2396346,desk
2403059,pizza
2405742,burger
2393156,sandwich
2375890,cow
2378270,living room
2400898,horse
2390790,train
2404951,motorcycle
2414807,skateboarder
2387770,people
2400166,plane
2403313,bus stop
2389841,bed
2391837,bed
2376382,tablecloth
2390933,motorcycle
2398055,phone
2405782,bed
2388982,tarmac
2366435,motorcycle
2405403,train
2408601,train
2407470,bidet
2408397,pizza
2396713,giraffe
2378637,propeller
2395934,plane
2384201,bench
2383925,horse
2409233,skateboarder
2375930,cupcake
2414137,salad
2408598,train
2405569,container
2409780,skier
2409373,teddy bear
2406725,zebra
2402941,beard
2393217,bear
2413059,zebra
2392896,zebra
2407642,laptop
2408637,sandwich
2391030,banana
2414584,giraffe
2403848,juicer
2396563,tablecloth
2364703,urinal
2405314,frisbee
2412122,mirror
2364196,skier
2387160,frisbee
2390716,phone booth
2388189,giraffe
2410172,moped
2404994,hat
2395069,phone
2409821,windshield
2396725,desk
2414437,bed
2389251,airplane
2394884,knife
2375578,measuring cup
2372339,bed
2413637,bird
2401900,burger
2403862,plane
2388545,child
2411994,cake
2395799,cow
2409424,skateboard
2399085,tie
2412657,horse
2393813,tie
2397236,bed
2383514,umpire
2408615,boat
2406495,trailer
2375632,bed
2408695,bird
2390397,bed
2408210,mouse
2400398,giraffe
2409702,teddy bear
2364952,plane
2400659,giraffe
2403844,motorcycles
2391066,plate
2402588,laptop
2398173,train
2414566,truck
2398307,plane
2374808,pizza
2402416,horse
2374343,drink
2388974,salad
2414729,child
2411213,furniture
2389916,frisbee
2409726,hotdog
2399570,birdbath
2392728,pizza
2372152,phone
2412141,plane
2365693,train
2400279,sheep
2401661,luggage
2386993,motorcycles
2393350,bull
2390004,cart
2387935,tie
2402814,motorcycles
2401738,table
2400357,cake
2412685,desk
2408249,hotdog
2408855,cat
2382336,horse
2394147,motorcycle
2387182,bed
2410635,bunk bed
2411775,umpire
2399129,tennis player
2388371,bench
2414685,laptop
2377333,vehicle
2375333,giraffe
2410596,train
2388721,zebra
2405028,plane
2412390,frisbee
2406783,skateboard
2414549,skateboarder
2377575,pizza
2403358,motorcycles
2378113,bed
2411703,sidecar
2372379,hair
2396803,couch
2411357,microwave
2401408,jet
2400057,tennis player
2371954,giraffe
2403312,umbrella
2399291,surfer
2391472,sheep
2399090,salad
2404124,turban
2412234,tire
2406675,pizza
2403835,highchair
2410948,phone
2415014,pizza
2390830,donuts
2397227,beach
2394515,sandwich
2394132,raft
2366233,fruit stand
2390303,trolley
2387289,dessert
2376576,pizza
2387991,desk
2388175,plane
2393557,eagle
2393564,skier
2407025,entertainment center
2396611,mouse
2397429,train
2394906,fork
2409318,motorcycle
2395059,desk
2401997,ambulance
2408772,desk
2413119,plane
2394042,baseball player
2405429,oatmeal
2414796,desk
2412107,highchair
2395472,desk
2376759,goalie
2378651,phone booth
2388509,tennis player
2410817,frisbee
2400220,juicer
2406895,cupcakes
2400070,goose
2408129,book
2392842,canopy
2410313,toilet
2396808,plane
2385887,desk
2385490,teddy bear
2384503,skateboard
2405871,boat
2364138,zebra
2400626,raft
2413371,grate
2387524,house
2397025,zebra
2398803,zebra
2401819,pizza
2405190,bidet
2402468,leg
2377285,desk
2372208,tennis player
2412916,vegetable
2389417,tie
2408030,boat
2410889,ambulance
2395195,desk
2408473,door
2413836,tennis player
2407698,soup
2392644,bookshelf
2409020,people
2409192,benches
2395700,donuts
2376681,soda
2410059,picture
2392887,skier
2404232,giraffe
2394605,turkey
2391714,bridge
2410557,soccer player
2370459,cat
2392399,stroller
2393857,horse
2413909,skateboarder
2408121,ship
2409458,snowboarder
2406560,train
2405855,bench
2390152,vegetable
2410607,cake
2386796,beer
2407951,zebra
2397745,giraffe
2409316,plane
2409275,pizza
2410481,sandwich
2376541,storefront
2398215,chicken
2413848,boat
2404370,giraffe
2370962,tennis player
2390856,boat
2411037,horse
2405908,moped
2407076,kayak
2387387,frisbee
2403790,bed
2412675,baseball player
2394037,train
2410834,frisbee
2372821,goose
2398962,zebra
2383571,jet
2406107,horse
2414892,pizza
2402948,zebra
2393637,bed
2400627,living room
2396369,tennis player
2374881,plane
2402729,cake
2407760,firetruck
2412558,suv
2405869,laptop
2396449,donuts
2391867,umpire
2390127,bird
2411523,train
2415029,highchair
2384007,couple
2390475,phone
2414936,people
2409364,bed
2408349,hamburger
2414736,horse
2407686,plane
2411247,firetruck
2413350,garage
2409387,giraffe
2364458,desk
2400880,cabinets
2414088,yogurt
2364673,bike
2382160,sandwich
2410723,soccer player
2396779,jet
2365516,plane
2406910,skier
2394972,truck
2405052,traffic light
2384584,desk
2415010,giraffe
2385057,pizza
2383068,bidet
2414501,cow
2396083,umbrella
2413123,skateboarder
2408252,tennis player
2387292,bus stop
2403558,firetruck
2398497,highchair
2410637,bed
2409078,bike
2406598,bucket
2401888,desk
2404258,traffic light
2408495,giraffe
2396271,motorcycle
2414205,ambulance
2407332,turban
2377329,child
2393127,computer
2409116,horse
2405390,shelf
2386288,steak
2402357,frisbee
2397427,plane
2407300,pillow
2404248,beer
2408633,frisbee
2390343,mustard
2392510,trolley
2407251,skateboarder
2413251,pizza
2412240,cabinets
2412464,pan
2406074,tennis player
2411361,beard
2410047,sheep
2411197,train
2410907,tennis player
2404484,boat
2404896,cake
2390688,coffee
2399276,umpire
2405764,tennis player
2415251,pizza
2375523,umpire
2409288,moped
2413942,camera
2407295,child
2402855,bed
2406612,bidet
2408997,soup
2371956,urinal
2373197,skateboarder
2365424,teddy bear
2381894,snowboarder
2409796,wheelchair
2411082,tennis player
2376031,dog
2395739,umpire
2405038,ram
2389970,toothbrush
2366039,entertainment center
2398045,cake
2409563,backpack
2385371,horse
2384004,patio set
2395278,cow
2383048,cupcakes
2381154,train
2407272,umpire
2411803,collar
2407568,ottoman
2395640,entertainment center
2394753,train
2406262,tracks
2403758,mouse
2414347,pizza
2369243,backpack
2380720,broccoli
2398685,cabinets
2415111,turban
2372828,futon
2408169,motorcycle
2409142,horse
2403673,donut
2403159,train
2394070,desk
2375202,phone booth
2402453,skateboarder
2383893,mashed potatoes
2414868,pizza
2414210,snowboarder
2402789,bunk bed
2414271,sausages
2372296,sink
2384674,cake
2402023,china
2398300,train
2388042,tablecloth
2409176,truck
2383462,ship
2413462,boy
2399138,laptop
2391007,food
2401259,carrot
2376696,horse
2408542,elephant
2409523,bridge
2375949,horse
2413873,hat
2393707,bunk bed
2408860,glider
2407738,horse
2399748,zebra
2398204,rug
2414003,plate
2402714,surfer
2407986,skateboarder
2398140,camera
2398331,cookie
2414530,squirrel
2391385,cow
2384500,wine
2401304,bird
2400444,horse
2409983,train
2394539,pizza
2377331,bunk bed
2409782,curtains
2364662,birdbath
2398506,horse
2403463,bed
2411584,cake
2375778,highchair
2390315,train
2405034,dog
2407000,laptop
2410223,giraffe
2402388,living room
2411851,tie
2395634,frisbee
2403985,motorcycle
2383516,cookie
2413704,bird
2398708,bidet
2403314,pizza
2389636,dog
2374066,plane
2399577,sheep
2406925,motorcycles
2393066,box
2401775,carriage
2408946,pizza
2377473,plane
2386539,pizza
2374030,computer
2413478,living room
2390078,van
2400622,zebra
2395961,frisbee
2393548,dirt
2400828,leek
2415042,truck bed
2401520,desk
2395329,juicer
2403509,phone
2398585,bowtie
2411528,vegetables
2405177,skateboarder
2411507,desk
2396888,dresser
2392197,moped
2393120,tracks
2388332,batter
2405335,leg
2412621,llama
2412982,cake
2382257,car
2404585,phone
2406449,zebra
2408498,frisbee
2402976,zebra
2408351,child
2394399,carriage
2386316,hotdog
2388666,cake
2402906,dog
2407911,hotdog
2396655,food
2407604,sandwich
2377179,cat
2398437,horse
2366546,horse
2377437,giraffe
2405647,tennis player
2413384,umbrella
2397556,horse
2401769,laptop
2377675,coffee maker
2382754,juicer
2386067,vegetables
2406584,animal
2391460,chair
2409704,desk
2393682,entertainment center
2375300,measuring cup
2364229,train
2403338,donut
2391853,benches
2411017,bench
2376002,bed
2408480,sink
2378426,suitcase
2378693,cake
2410312,toothbrush
2404440,camera
2408131,trolley
2408728,plane
2382884,truck bed
2408532,bidet
2382796,zebra
2405309,bus
2407029,giraffe
2390271,soccer player
2409331,highchair
2414532,athlete
2408430,coffee maker
2395679,giraffe
2410305,highchair
2407478,mashed potatoes
2406213,tennis player
2382805,display
2411837,kite
2399162,fruit stand
2396205,horse
2413682,stove
2399543,shoe
2371921,train
2403748,train
2392412,luggage
2409755,bunk bed
2411182,motorcycle
2402099,oven
2395962,tennis player
2375960,train
2385322,hamburger
2396092,plane
2372211,skateboarder
2411945,toilet
2409261,booth
2401966,motorcycles
2407725,zebra
2406111,truck
2387601,teddy bear
2412840,kayak
2401918,bunk bed
2393656,helicopter
2409353,toast
2397192,phone booth
2405455,sandwich
2365737,clock tower
2403806,pizza
2385914,frisbee
2399015,bird
2414757,benches
2412975,highchair
2407710,ottoman
2381798,skater
2414314,zebra
2364687,carriage
2412768,cow
2411555,tennis player
2406683,giraffe
2376449,skateboard
2413394,plane
2414295,horse
2403859,pizza
2386078,pizza
2406137,lemon
2364617,living room
2415094,cake
2411940,mitten
2391383,china
2396016,truck
2412518,teddy bear
2389202,motorcycle
2364811,dog
2414471,dog
2389240,bench
2376786,broccoli
2386750,pizza
2402751,couple
2401099,tennis player
2376914,bed
2408464,plane
2407653,skier
2399902,wine
2409454,cat
2384041,lamppost
2372249,firetruck
2414765,living room
2410370,umpire
2414619,entertainment center
2397152,vase
2388699,giraffe
2412204,tablecloth
2388389,pizza
2410528,giraffe
2413635,suit
2364291,hut
2412620,sandwich
2406962,cake
2405641,boat
2413509,surfboard
2414077,zebra
2400574,living room
2383959,laptop
2404649,oven
2408851,banana
2377508,benches
2393922,tennis player
2409141,cabinet
2407606,people
2402312,mashed potatoes
2409830,horse
2409900,giraffe
2364363,train
2411936,giraffe
2384443,phone
2411303,storefront
2407157,couple
2392633,skier
2394141,zebra
2401443,highchair
2400848,hat
2391839,phone booth
2413749,pizza
2390461,bridge
2410599,phone booth
2399134,goalie
2402181,giraffe
2391463,entertainment center
2408652,hotdog
2400108,lamppost
2387035,swan
2410482,bike
2364663,train
2411955,hotdogs
2390254,kite
2410627,tennis player
2407795,sandwich
2413622,cereal
2409558,highchair
2388208,bed
2408738,plane
2412449,pizza
2398441,vegetables
2380962,umpire
2375259,entertainment center
2411768,cupcakes
2400531,skateboarder
2413841,motorcycle
2414759,laptop
2402396,pizza
2412199,cupcakes
2402244,plane
2397454,laptop
2411268,fruit stand
2400817,sheep
2411571,motorcycles
2386117,plane
2405055,child
2376266,pancakes
2400599,trailer
2409994,laptop
2374865,glider
2380479,umpire
2414858,elephant
2409443,bed
2409066,bed
2409828,horse
2414106,couple
2399191,motorcycles
2364825,bus
2395305,suv
2387015,computer
2398693,plane
2414802,horse
2376521,motorcycles
2374916,zebra
2384567,dog
2404936,horse
2403080,curtains
2406842,beer
2399857,frisbee
2412669,table
2410816,poncho
2396691,fork
2404223,traffic light
2410338,sink
2376214,motorcycles
2388400,salmon
2404188,tracks
2410043,oven
2376206,bench
2394647,toothbrush
2390934,train
2395503,umpire
2397189,laptop
2405522,bed
2403504,highchair
2401956,plane
2376336,zebra
2383240,baseball player
2390456,plane
2405436,desk
2388434,food
2413475,frisbee
2376828,bunk bed
2366074,tennis player
2391567,bed
2376092,tarmac
2399797,hat
2408327,curtains
2408450,train
2400959,basketball player
2409651,bunk bed
2411072,frisbee
2412447,helicopter
2413578,bus
2397513,cabinet
2397865,train
2388113,tennis player
2393433,cow
2407133,soup
2393021,cat
2404423,child
2414740,glasses
2399566,desk
2414207,sink
2406628,wine
2394350,zebra
2407535,motorcycles
2402381,traffic light
2414086,pizza
2409973,bacon
2405607,baseball player
2396492,child
2387156,tie
2386509,hotdog
2414385,plane
2413756,horse
2405664,bed
2404005,living room
2396853,vegetables
2405611,pancake
2413108,cow
2401435,skateboard
2409513,tennis player
2376343,vest
2365433,snowboarder
2409253,horse
2390708,plane
2414403,sheep
2412335,cat
2414778,giraffe
2386160,horse
2414910,bus
2396357,salad
2402316,giraffe
2395214,giraffe
2413574,storefront
2382417,horse
2376090,train
2394506,entertainment center
2413801,microwave
2390588,dog
2365020,pizza
2404611,bed
2397221,cow
2386068,zebra
2378767,sink
2413388,umbrella
2404683,tennis player
2383096,dog
2409960,awning
2411630,cat
2395670,animal
2396001,tie
2413266,horse
2376751,sheep
2409533,train
2377232,hat
2410577,sandwich
2403330,kayak
2390119,pizza
2376027,pizza
2408949,eye mask
2409200,juicer
2410763,vase
2391659,curtains
2404404,hotdog
2411056,box
2412969,futon
2388588,boat
2400616,train
2405430,fork
2394852,cake
2399355,child
2398752,bed
2380460,plane
2389165,fork
2365510,bridge
2366422,frisbee
2404977,wardrobe
2384091,mountain
2397075,turkey
2403251,sofa
2402126,toilet
2408184,elephant
2383466,grill
2400037,sidecar
2410249,plane
2375629,tennis player
2409460,sandwich
2403784,hotdog
2399223,van
2400930,horse
2388225,tie
2408953,living room
2366374,skateboarder
2377610,suitcase
2411179,plane
2375318,pizza
2365831,train
2411470,carriage
2398070,cup
2405018,zebra
2414318,giraffe
2404644,train
2403149,mouse
2407302,measuring cup
2399936,desk
2378612,tennis player
2393144,bench
2412349,bench
2408097,cupcakes
2408385,sheep
2382408,chair
2409614,luggage
2410453,umpire
2387973,sandwich
2410842,truck
2391157,laptop
2374629,dock
2406077,plane
2375166,giraffe
2396933,traffic light
2392456,sailboat
2404428,pizza
2389030,desk
2392652,horse
2386037,frisbee
2410483,child
2386056,laptop
2398209,tennis player
2401176,bike
2413669,plane
2408907,bird
2377723,cookie jar
2412227,giraffe
2392189,shirt
2408168,zebra
2405536,umpire
2376522,cake
2410122,furniture
2414061,cat
2414920,sign
2386209,baseball player
2399361,entertainment center
2411746,toast
2406136,bottle
2384223,horse
2382169,plane
2397989,bunk bed
2410138,carriage
2411567,entertainment center
2403516,teddy bear
2414070,motorcycle
2390366,futon
2387638,bench
2403077,giraffe
2411137,plane
2410156,truck
2377061,horse
2394326,bar
2372450,giraffe
2403725,pizza
2406673,pan
2396851,giraffe
2412064,desk
2364599,chair
2365957,building
2365488,furniture
2409478,lamppost
2382506,teapot
2391936,wheelchair
2398796,pillow
2386958,teddy bear
2397176,kite
2398467,people
2410200,bunk bed
2403096,desk
2404509,sandwich
2404749,tennis player
2386264,phone
2387566,helicopter
2404330,flamingo
2414449,cow
2372503,hotdog
2405151,fork
2406492,zebra
2414498,mirror
2384666,giraffe
2405854,wine
2365775,pizza
2385077,umbrella
2387317,picture
2396686,benches
2403962,bird
2412127,cake
2413833,cutting board
2413949,giraffe
2402112,skateboard
2414087,benches
2410011,bunk bed
2397790,bagel
2396654,pizza
2413945,dog
2389698,container
2405951,train
2407825,dog
2382345,pizza
2388013,puppy
2410764,cupcakes
2390100,dresser
2408416,giraffe
2388174,sign
2405153,cookie
2391609,helmet
2399420,donut
2413482,child
2389867,bench
2409152,bird
2410513,toothbrush
2408026,boat
2381480,giraffe
2412285,picture
2384322,teddy bear
2407179,donuts
2410888,horse
2375932,kite
2369195,bird
2414657,tennis player
2384854,train
2411981,motorcycles
2409419,snowboard
2386494,giraffe
2410088,camera
2399316,horse
2364895,skater
2386102,umpire
2404418,sheep
2397056,pizza
2404486,plane
2414768,fruit
2405007,umpire
2405538,pizza
2413882,zebra
2365562,cake
2400889,camera
2403576,plane
2376682,apple
2408876,bed
2414456,soda
2413227,benches
2394687,vehicle
2390756,glider
2404178,soccer player
2410381,horse
2377204,train
2406315,furniture
2395816,soup
2399769,bus stop
2406564,motorcycles
2395363,bidet
2413428,sink
2408664,frisbee
2391370,skier
2411392,donuts
2409321,tablecloth
2407165,fruit stand
2401423,plane
2415038,motorcycles
2365279,giraffe
2414141,bridge
2377425,benches
2397742,dog
2411585,donuts
2405784,plane
2385987,boat
2404028,tablecloth
2406740,umpire
2411946,giraffe
2392117,goalie
2401746,pizza
2364208,cow
2406501,toilet
2386497,chair
2402170,burger
2391035,laptop
2364918,giraffe
2411648,bike
2408338,coffee
2411841,zebra
2388385,tennis player
2369216,umpire
2409853,giraffe
2409395,cart
2411186,baseball player
2410302,tennis player
2407851,sign
2388359,pizza
2393380,plane
2404699,desk
2409885,suit
2364730,phone booth
2406965,carriage
2412235,vase
2411771,giraffe
2408331,frisbee
2382839,toilet
2375597,salad
2406781,plane
2390437,plane
2414051,sandwich
2375938,burger
2406513,pizza
2400724,man
2405584,desk
2397343,rug
2409510,drink
2365709,couch
2377236,oven
2391598,horse
2405975,train
2413533,cake
2406577,swan
2409545,toothbrush
2408264,surfboard
2411121,pizza
2388471,peacock
2410428,coat
2412024,fruit
2402688,vase
2414835,airplane
2409807,surfer
2415044,bench
2388015,food
2408309,car
2395420,tent
2394998,carriage
2403158,taxi
2406131,bird
2395649,desk
2397172,furniture
2403911,oven
2392665,horse
2413925,skater
2364066,hotdogs
2405085,horse
2407287,hat
2364117,hotdogs
2413602,laptop
2404824,snowboard
2405483,church
2397279,bridge
2365926,highchair
2394965,umbrella
2413252,cow
2406052,cat
2388046,phone
2408676,skier
2395320,glove
2366291,suv
2383042,dog
2401644,vase
2402219,rug
2384873,elephant
2375688,flowers
2414179,platform
2372012,pizza
2392219,cutting board
2404120,laptop
2414603,horse
2378244,cow
2372501,plane
2396044,zebra
2375794,horse
2383346,horse
2399222,plane
2410046,skier
2410241,train
2391808,dog
2410801,tie
2378430,horse
2411796,bucket
2409799,sandwich
2392347,parrot
2408722,windshield
2406579,tablecloth
2393492,living room
2407383,giraffe
2377477,patio set
2407943,bed
2407212,camera
2394939,coffee maker
2414321,phone
2414507,living room
2380287,vehicle
2403751,giraffe
2382944,lamppost
2410323,umbrella
2410628,doorway
2414926,boat
2398091,skateboard
2380564,burger
2391300,parrot
2407168,chair
2412831,beard
2383464,bus stop
2404073,bunk bed
2408100,traffic light
2392870,grill
2364820,glider
2395331,cake
2413913,skateboard
2364103,tennis player
2393479,suv
2404184,kayak
2402169,desk
2387518,horse
2410285,train
2410495,pizza
2388771,wine
2408724,firetruck
2393205,coleslaw
2399150,pizza
2409561,umpire
2394670,skier
2411787,desk
2397462,desk
2375815,tie
2409420,sandwich
2411338,bird
2366511,giraffe
2364452,bench
2413106,motorcycle
2386480,people
2384365,suitcase
2370531,skateboarder
2364447,sheep
2407820,street
2412738,skateboarder
2410840,frisbee
2364442,laptop
2391438,woman
2404271,hose
2372346,pizza
2408132,baseball player
2409988,surfer
2409037,train
2364732,pizza
2406068,bowtie
2411286,donut
2390292,giraffe
2375959,ski lift
2403018,pizza
2386091,patio
2376094,highchair
2397882,tablecloth
2383403,pizza
2410972,lamppost
2375613,cat
2377483,teddy bear
2392115,frisbee
2402950,zebra
2388234,burger
2387336,parrot
2401772,tennis player
2403686,horse
2404499,tennis player
2395105,peacock
2392120,table
2402963,bench
2372587,car
2408447,horse
2384426,drink
2375479,tennis player
2383324,traffic light
2409622,display
2415228,child
2412258,duck
2377244,cow
2406854,phone
2386959,cat
2408844,zebra
2404555,couple
2397166,burger
2407807,umbrella
2404262,highchair
2406172,skateboarder
2396734,skateboarder
2414932,taxi
2401872,skier
2407282,trolley
2383996,hotdogs
2386832,car
2387904,desk
2383062,train
2409530,horse
2413661,desk
2382113,laptop
2399828,cookie jar
2408684,bunk bed
2408493,suitcase
2380250,teddy bear
2409140,motorcycles
2406804,laptop
2372615,cow
2397597,giraffe
2403731,laptop
2407409,cupcakes
2410139,cabinets
2393912,sandwich
2401218,giraffe
2404808,bunk bed
2406171,laptop
2413778,bed
2405400,bridge
2373307,coffee maker
2411328,moped
2384970,van
2407162,truck
2410579,tennis player
2413423,giraffe
2403831,wing
2407827,sandwich
2375983,bed
2389283,vegetables
2386754,desk
2396202,horse
2392433,coffee maker
2377637,van
2409285,hotdogs
2399763,couple
2399687,pie
2395568,plane
2400345,donuts
2408943,patio set
2405145,bed
2397708,couple
2410876,pancake
2366173,banana
2409684,plane
2404405,giraffe
2394130,kite
2395561,table
2404170,horse
2405459,bed
2375967,ramp
2375444,surfer
2386644,plane
2409543,tablecloth
2409668,toast
2394622,zebra
2412684,plane
2403639,dog
2413576,bunk bed
2380227,living room
2393109,trailer
2410174,propeller
2398012,snowboarder
2408911,horse
2405695,bed
2366038,highchair
2407772,burger
2383934,entertainment center
2387219,laptop
2389022,canister
2411533,stroller
2376556,frisbee
2410884,bathtub
2412096,highchair
2413436,truck
2413636,entertainment center
2402319,tennis player
2384258,umpire
2400644,parrot
2376793,train
2408834,bench
2384282,desk
2380778,frisbee
2412389,living room
2391542,giraffe
2407625,zebra
2372602,beard
2413143,dough
2376272,woman
2409990,donuts
2390798,bunk bed
2414300,pottery
2413855,plane
2396333,baseball player
2414097,cow
2388181,eagle
2403457,tennis player
2414981,salad
2402965,propeller
2407203,snowboarder
2387891,glasses
2412917,garage door
2364212,train
2395594,zebra
2377336,coffee maker
2397436,train
2406841,bird
2397262,train
2414311,woman
2383258,crust
2365864,device
2405915,cat
2364911,cabinets
2396312,firetruck
2396350,windshield
2409085,motorcycles
2374832,plane
2391454,toilet
2390836,bird
2366368,cup
2413036,soup
2410430,hair
2403093,dough
2398939,dog
2399087,purse
2404692,frisbee
2405798,jet
2386659,pizza
2400697,tie
2414896,cake
2364373,bird
2365101,horse
2390215,coat
2409009,cake
2408657,phone booth
2403923,dog
2401735,living room
2404650,phone booth
2413140,kite
2394266,pancakes
2372430,tennis player
2408569,pizza
2388819,spatula
2414474,arm
2388978,tennis player
2383768,phone
2375866,plane
2409891,puppy
2393393,horse
2414506,skateboarder
2403042,giraffe
2406708,motorcycles
2395926,beer
2389888,cake
2414168,motorcycle
2408750,bird
2412665,platform
2408991,dugout
2386657,bench
2388625,highchair
2413364,plane
2392132,cake
2383840,mitten
2408816,bed
2386498,giraffe
2382409,mustard
2411442,carriage
2382792,umbrella
2392591,camera
2413820,umpire
2400980,measuring cup
2405240,train
2396441,trailer
2372835,sheep
2403913,giraffe
2391133,tennis player
2382445,tractor
2387854,table
2387536,train
2401575,bench
2407052,snowboarder
2408925,measuring cup
2402539,helicopter
2364974,oven
2408124,train
2402459,motorcycles
2400120,toilet
2407861,train
2389634,laptop
2414170,highchair
2414982,quesadilla
2407524,kayak
2403070,motorcycle
2414565,pizza
2396707,highchair
2387919,birdbath
2403245,awning
2411669,futon
2411373,cupcakes
2415048,horse
2408804,marina
2408330,tent
2389474,windshield
2410709,soccer player
2412303,bidet
2409232,bagel
2409756,firetruck
2407526,pizza
2407989,pizza
2392127,umpire
2394540,stroller
2411103,skateboarder
2412608,zebra
2409589,zebra
2409532,plane
2374160,ambulance
2389842,plane
2395854,horse
2395295,umpire
2414978,ship
2394126,bunk bed
2412269,desk
2413553,platform
2396065,frisbee
2410677,toilet
2407426,tablecloth
2377254,player
2414151,pillow
2393713,cake
2398175,ottoman
2394556,plane
2412386,cat
2376622,plane
2387503,couch
2374975,phone
2394919,skateboarder
2410016,sandwich
2413814,bus
2408541,entertainment center
2389012,train
2383051,benches
2391004,furniture
2410548,propeller
2404996,phone booth
2391865,pizza
2387977,giraffe
2407141,giraffe
2396244,plane
2394103,hamburger
2383262,skateboarder
2412208,car
2391888,horse
2388773,sausages
2410505,table
2412410,computer
2392027,zebra
2396714,baseball player
2405897,pizza
2409602,giraffe
2415149,hamburger
2408251,skateboard
2386411,frisbee
2408940,sandwich
2413094,tennis player
2407657,umpire
2381023,plane
2410672,moped
2408321,horse
2399111,plane
2407353,pie
2410286,benches
2373061,cow
2408760,tractor
2405624,dog
2413529,plane
2366392,tent
2383941,container
2408328,shirt
2414130,surfer
2382891,goalie
2408810,plane
2409706,peacock
2400147,plane
2409945,scooter
2372377,train
2386329,couple
2396612,laptop
2404659,teapot
2410056,tennis player
2377724,cat
2400414,sheep
2412134,futon
2397042,boat
2408408,soccer player
2412283,desk
2413518,tarmac
2410227,skateboarder
2372510,truck bed
2410848,bunk bed
2404815,bunk bed
2392653,sheep
2410974,toilet
2400749,cabinet
2401741,motorcycles
2412812,pizza
2414219,skateboard
2388908,desk
2407677,frisbee
2407026,tie
2407175,dog
2404908,plane
2391985,child
2393088,motorcycles
2403997,jeep
2412626,firetruck
2409815,trolley
2400631,train
2408767,train
2409367,giraffe
2386032,bookshelf
2396204,giraffe
2408777,umpire
2401687,pizza
2411139,bench
2396169,giraffe
2395023,plate
2400495,desk
2383180,teddy bear
2391432,kayak
2393190,hotdog
2412603,suv
2386680,plane
2412397,soccer player
2408297,display
2412997,dog
2398029,fruit stand
2364731,baseball player
2409871,bird
2366314,giraffe
2366436,bus
2390065,bull
2399775,salad
2407556,buffet
2406922,cereal
2380791,desk
2389678,cupcakes
2414707,raft
2405939,pizza
2365001,teddy bear
2409987,truck
2396496,firetruck
2408017,couch
2404298,van
2376683,benches
2392397,furniture
2382468,car
2400292,suv
2408921,umpire
2406850,zebra
2380889,truck
2394751,cabinets
2413242,burger
2398310,train
2377614,wine
2365430,oven
2376907,horse
2409913,burger
2413192,giraffe
2377607,skateboard
2407975,snowboarder
2412048,plane
2404107,sink
2405662,skateboarder
2401950,zebra
2407665,sidewalk
2376662,hotdog
2410298,fork
2412524,train
2414909,bird
2375724,carriage
2415148,sandwich
2405433,skateboarder
2408753,train
2383755,truck
2414054,yogurt
2415100,skateboarder
2391280,umpire
2414692,athlete
2386729,bunk bed
2413773,food
2393959,box
2408628,umpire
2392031,pizza
2411680,curtain
2395408,fruit stand
2393366,dog
2408683,living room
2389846,zebra
2402052,giraffe
2376108,donut
2394394,pizza
2405579,measuring cup
2409746,giraffe
2380458,picture
2408714,cow
2395473,bunk bed
2403033,train
2406429,motorcycles
2388602,camera
2405352,plane
2372411,shoe
2410205,toilet
2413673,goalie
2410052,baseball player
2407576,horse
2395120,plane
2391346,giraffe
2389989,people
2406402,salad
2388403,cake
2384984,horse
2404469,sidecar
2402502,mug
2409129,oven
2410647,hotdog
2389338,rug
2398167,tennis player
2400992,bus stop
2394854,truck
2395588,horse
2406986,skateboarder
2407386,cow
2411822,skateboard
2374770,cupcakes
2407241,truck
2411144,plane
2395135,train
2404229,zebra
2395868,table
2394403,coffee maker
2405112,desk
2401412,streetlight
2385824,food
2413458,baseball player
2399733,banana
2389754,plant
2413421,cow
2413857,horse
2394908,fork
2389765,giraffe
2402876,horse
2388838,pizza
2395301,hotdog
2404467,glove
2408962,benches
2409018,donut
2413726,umbrella
2376143,bunk bed
2403044,tennis player
2370507,measuring cup
2399287,sandwich
2397779,tie
2399679,outhouse
2373657,bridge
2374979,wine
2388489,pizza
2413497,pizza
2409674,cabinets
2401732,tarmac
2414923,steak
2413303,parachute
2376240,skateboarder
2391612,giraffe
2375527,beach
2365597,sandwich
2411751,skateboarder
2375766,benches
2400016,shoe
2409186,banana
2407253,tarmac
2414965,entertainment center
2401876,lap
2383641,futon
2402485,entertainment center
2372117,fruit
2413336,boat
2380594,kayak
2388071,yogurt
2392506,moped
2407923,computer
2384158,skateboarder
2409139,horse
2398369,curtains
2383999,bagel
2365538,pizza
2414233,pizza
2408308,desk
2364770,plane
2393928,frisbee
2401441,motorcycle
2411449,bed
2413204,desk
2392476,pizza
2403240,motorcycles
2414301,couch
2414174,cow
2397645,zebra
2407040,sandwich
2387049,cake
2377865,hotdog
2401977,bike
2402465,bird
2400615,bed
2405572,spoon
2395871,camera
2407070,ram
2400685,couch
2411495,highchair
2395396,sandwich
2393876,truck bed
2399232,cake
2395088,pizza
2408700,airport
2409101,bathtub
2375738,baseball player
2364563,couple
2376269,church
2394377,baseball player
2410614,cake
2414633,sidewalk
2404577,kite
2374784,tennis player
2407269,car
2365281,bed
2404189,soccer player
2414409,bench
2383179,train
2372304,laptop
2409397,pole
2399512,device
2389452,bird
2413984,cake
2395683,jeep
2406228,entertainment center
2411188,clock tower
2376132,tennis player
2390517,catcher
2384207,plane
2401021,tarmac
2399890,tennis player
2407071,fork
2405461,hat
2403712,motorcycles
2408927,vegetables
2387021,desk
2395128,wrapper
2411802,frisbee
2413719,desk
2393068,microwave
2394430,phone booth
2402425,motorcycles
2375058,pizza
2414939,sign
2415028,cake
2396315,horse
2380742,umpire
2413340,pizza
2409422,ski lift
2399696,laptop
2388605,moped
2414502,wine
2393244,horse
2407521,zebra
2412689,purse
2412466,measuring cup
2383792,wok
2382765,giraffe
2374655,highchair
2383243,snowboard
2377882,benches
2413781,hamburger
2406428,china
2413563,bed
2413062,keyboard
2410407,glider
2390985,cake
2387795,jeep
2409268,umpire
2401903,giraffe
2412942,truck
2399179,horse
2406250,horse
2386451,truck bed
2403518,microwave
2402521,phone
2375679,horse
2410976,mirror
2402489,giraffe
2373023,tennis player
2401620,cabinets
2404216,rug
2413244,baseball player
2411388,skier
2411194,container
2387177,sandwich
2383351,pottery
2383037,cow
2403674,laptop
2376471,laptop
2413753,skateboard
2407776,car
2375248,sandwich
2376715,tie
2413626,shoe
2414467,plane
2393766,coffee maker
2372732,wing
2386725,umpire
2412395,cat
2399643,skater
2366612,hotdogs
2411475,train
2375715,sail
2399892,cake
2407506,hat
2395615,desk
2375647,booth
2407366,parrot
2389801,desk
2410841,burger
2408369,pizza
2394073,toilet
2387703,soup
2401552,pizza
2406539,suitcase
2405839,horse
2408755,pillow
2408787,horse
2392205,ramp
2395068,snowboarder
2374723,teddy bear
2376017,pizza
2407291,zebra
2414197,truck bed
2413117,horse
2385067,pizza
2386752,bike
2392145,stroller
2394087,desk
2387909,giraffe
2393317,ambulance
2388186,phone
2393899,entertainment center
2413280,cereal
2406249,truck
2398906,turban
2406891,bunk bed
